id,name,city,state,category,lat,lng,address,website,dog_friendly_notes,featured
brewery-x-anaheim,Brewery X,Anaheim,CA,Brewery,33.850900,-117.850900,"3191 E La Palma Ave, Anaheim, CA 92806",https://www.brewery-x.com/,Large dog-friendly outdoor seating area commonly reported.,true
brewheim-anaheim,Brewheim,Anaheim,CA,Brewery,33.805200,-117.900300,"1931 E Wright Cir, Anaheim, CA 92806",https://www.brewheim.com/,Dog-friendly brewery patio is commonly reported.,false
golden-road-brewing-anaheim-anaheim,Golden Road Brewing Anaheim,Anaheim,CA,Brewery,33.803700,-117.896000,"2210 E Orangewood Ave, Anaheim, CA 92806",https://www.goldenroad.la/anaheim,Large dog-friendly outdoor patio commonly reported.,true
la-palma-dog-park-anaheim,La Palma Dog Park,Anaheim,CA,Dog Park,33.846800,-117.911200,"1151 N La Palma Pkwy, Anaheim, CA 92801",https://www.anaheim.net/,Off-leash dog park with small and large dog areas.,true
maxwell-dog-park-anaheim,Maxwell Dog Park,Anaheim,CA,Dog Park,33.831000,-117.968800,"2655 W Orange Ave, Anaheim, CA 92804",https://www.anaheim.net/,Dog park area in Maxwell Park; verify current rules.,false
olive-hills-dog-park-anaheim,Olive Hills Dog Park,Anaheim,CA,Dog Park,33.848300,-117.751700,"700 S Nohl Canyon Rd, Anaheim, CA 92807",https://www.anaheim.net/,Neighborhood dog park area; verify current off-leash rules.,false
yorba-regional-park-anaheim,Yorba Regional Park,Anaheim,CA,Park,33.870300,-117.741000,"7600 E La Palma Ave, Anaheim, CA 92807",https://www.ocparks.com/parks-trails/yorba-regional-park/,"Regional park with paved paths, picnic areas, and on-leash dog access.",false
anaheim-packing-district-anaheim,Anaheim Packing District,Anaheim,CA,Patio,33.831700,-117.911000,"440 S Anaheim Blvd, Anaheim, CA 92805",https://www.anaheimpackingdistrict.com/,Outdoor common areas and patios may allow dogs; verify vendor rules.,false
sweetwater-summit-regional-park-bonita,Sweetwater Summit Regional Park,Bonita,CA,Campground,32.670600,-117.004400,"3218 Summit Meadow Rd, Bonita, CA 91902",https://www.sdparks.org/content/sdparks/en/park-pages/Sweetwater.html,Leashed dogs are allowed in campground and designated park areas.,false
brea-wildcatters-dog-park-brea,Brea Wildcatters Dog Park,Brea,CA,Dog Park,33.932900,-117.889700,"3301 E Santa Fe Rd, Brea, CA 92821",https://www.ci.brea.ca.us/,Off-leash dog park area; verify current hours.,false
carbon-canyon-regional-park-brea,Carbon Canyon Regional Park,Brea,CA,Park,33.920100,-117.836300,"4442 Carbon Canyon Rd, Brea, CA 92823",https://www.ocparks.com/parks-trails/carbon-canyon-regional-park/,Regional park with trails and picnic areas; verify leash rules before visiting.,false
carbon-canyon-redwoods-brea,Carbon Canyon Redwoods,Brea,CA,Scenic Spot,33.921500,-117.837400,"4442 Carbon Canyon Rd, Brea, CA 92823",https://www.ocparks.com/parks-trails/carbon-canyon-regional-park,Leashed trail to a small redwood grove inside Carbon Canyon Regional Park.,true
lake-morena-county-park-campo,Lake Morena County Park,Campo,CA,Lake,32.680500,-116.517800,"2550 Lake Morena Dr, Campo, CA 91906",https://www.sdparks.org/content/sdparks/en/park-pages/LakeMorena.html/,Dogs are allowed in most county parks on leash.,false
batiquitos-lagoon-trail-carlsbad,Batiquitos Lagoon Trail,Carlsbad,CA,Trail,33.092400,-117.293200,"7380 Gabbiano Ln, Carlsbad, CA 92011",https://batiquitoslagoon.org/,Leashed dogs are allowed on the lagoon trail; keep pets out of habitat areas.,true
coronado-dog-beach-coronado,Coronado Dog Beach,Coronado,CA,Beach,32.690900,-117.177300,"100 Ocean Blvd, Coronado, CA 92118",https://www.coronado.ca.us,Off-leash dog beach near Sunset Park; leash required until beach area.,true
gunwhale-ales-costa-mesa,Gunwhale Ales,Costa Mesa,CA,Brewery,33.650000,-117.919800,"2960 Randolph Ave A, Costa Mesa, CA 92626",https://www.gunwhaleales.com/,Dog-friendly tasting room patio is commonly reported.,false
hola-adios-coffeehouse-costa-mesa,Hola Adios Coffeehouse,Costa Mesa,CA,Coffee,33.641600,-117.918300,"3033 Bristol St, Costa Mesa, CA 92626",https://holaadiosco.com/,Dog-friendly outdoor seating is commonly reported.,false
costa-mesa-bark-park-costa-mesa,Costa Mesa Bark Park,Costa Mesa,CA,Dog Park,33.672300,-117.910600,"890 Arlington Dr, Costa Mesa, CA 92626",https://www.costamesaca.gov/,Off-leash dog park with separate areas.,true
fairview-park-costa-mesa,Fairview Park,Costa Mesa,CA,Park,33.662700,-117.945800,"2525 Placentia Ave, Costa Mesa, CA 92627",https://www.costamesaca.gov/,Leashed dogs are allowed on designated park trails and open areas.,false
the-crack-shack-costa-mesa-costa-mesa,The Crack Shack Costa Mesa,Costa Mesa,CA,Restaurant,33.678100,-117.885300,"196 E 17th St, Costa Mesa, CA 92627",https://www.crackshack.com/,Dog-friendly outdoor patio seating is commonly reported.,false
talbert-regional-park-costa-mesa,Talbert Regional Park,Costa Mesa,CA,Trail,33.639100,-117.950900,"1298 Victoria St, Costa Mesa, CA 92627",https://www.ocparks.com/parks-trails/talbert-regional-park,Leashed dogs are allowed on designated trails.,false
station-craft-brewery-dana-point,Station Craft Brewery,Dana Point,CA,Brewery,33.467700,-117.699900,"34150 Pacific Coast Hwy, Dana Point, CA 92629",https://www.stationcraft.com/,Dog-friendly patio seating is commonly reported.,false
salt-creek-beach-park-dana-point,Salt Creek Beach Park,Dana Point,CA,Park,33.475600,-117.722000,"33333 S Pacific Coast Hwy, Dana Point, CA 92629",https://www.ocparks.com/parks-trails/salt-creek-beach,Leashed dogs are allowed in park areas; beach rules may restrict sand access.,false
dana-point-harbor-walk-dana-point,Dana Point Harbor Walk,Dana Point,CA,Scenic Spot,33.461900,-117.703400,"34571 Golden Lantern, Dana Point, CA 92629",https://danapointharbor.com/,Leashed harbor walk with outdoor dining nearby.,true
dana-strands-beach-overlook-dana-point,Dana Strands Beach Overlook,Dana Point,CA,Scenic Spot,33.473000,-117.722800,"34199 Selva Rd, Dana Point, CA 92629",https://www.danapoint.org/,Leashed dogs are allowed on overlook paths; beach rules may restrict sand access.,false
del-mar-north-beach-del-mar,Del Mar North Beach,Del Mar,CA,Beach,32.966900,-117.268400,"3200 Camino Del Mar, Del Mar, CA 92014",https://www.delmar.ca.us/206/Dog-Friendly-Beaches/,Dog access varies by season and time; check posted rules.,true
viewpoint-brewing-company-del-mar,Viewpoint Brewing Company,Del Mar,CA,Brewery,32.971200,-117.256400,"2201 San Dieguito Dr, Del Mar, CA 92014",https://viewpointbrewing.com/,Dog-friendly outdoor patio near the lagoon.,true
del-mar-river-path-del-mar,Del Mar River Path,Del Mar,CA,Trail,32.960900,-117.264600,"San Dieguito Dr, Del Mar, CA 92014",,Leashed path near river mouth and North Beach.,false
san-dieguito-lagoon-river-path-del-mar,San Dieguito Lagoon River Path,Del Mar,CA,Trail,32.969400,-117.260300,"Jimmy Durante Blvd, Del Mar, CA 92014",https://www.sdrp.org/,Leashed path near lagoon and river habitat.,false
cardiff-state-beach-encinitas,Cardiff State Beach,Encinitas,CA,Beach,33.010400,-117.280300,"2504 S Coast Hwy 101, Cardiff, CA 92007",https://www.parks.ca.gov,Dogs are allowed on leash at Cardiff Reef and Seaside south of Tower 16.,true
san-elijo-lagoon-nature-center-loop-encinitas,San Elijo Lagoon Nature Center Loop,Encinitas,CA,Trail,33.015800,-117.260000,"2710 Manchester Ave, Cardiff, CA 92007",https://www.sdparks.org/content/sdparks/en/park-pages/SanElijo.html,Leashed dogs are allowed on designated trails; sensitive habitat rules apply.,false
stone-brewing-world-bistro-and-gardens-escondido-escondido,Stone Brewing World Bistro & Gardens Escondido,Escondido,CA,Brewery,33.115200,-117.119600,"1999 Citracado Pkwy, Escondido, CA 92029",https://www.stonebrewing.com/visit/bistros/escondido,Dog-friendly outdoor garden area.,true
elfin-forest-recreational-reserve-escondido,Elfin Forest Recreational Reserve,Escondido,CA,Trail,33.087200,-117.150600,"8833 Harmony Grove Rd, Escondido, CA 92029",https://www.olivenhain.com/recreational-opportunities/elfin-forest-recreational-reserve/,Leashed dogs are allowed on designated trails.,true
live-oak-county-park-fallbrook,Live Oak County Park,Fallbrook,CA,Dog Park,33.374700,-117.238800,"2746 Reche Rd, Fallbrook, CA 92028",https://www.sdparks.org/content/sdparks/en/park-pages/LiveOak.html/,Leash-free area with posted rules and day-use fee.,false
monserate-mountain-preserve-fallbrook,Monserate Mountain Preserve,Fallbrook,CA,Trail,33.352700,-117.227700,"243 Horse Ranch Creek Rd, Fallbrook, CA 92028",https://www.sdparks.org/,Leashed dogs are allowed; exposed climb can be hot.,false
santa-margarita-river-trail-fallbrook,Santa Margarita River Trail,Fallbrook,CA,Trail,33.385600,-117.260900,"Sandia Creek Dr, Fallbrook, CA 92028",,Leashed riverside trail with water views; verify seasonal access.,true
mile-square-regional-park-fountain-valley,Mile Square Regional Park,Fountain Valley,CA,Park,33.724300,-117.946600,"16801 Euclid St, Fountain Valley, CA 92708",https://www.ocparks.com/parks-trails/mile-square-regional-park,Leashed dogs are allowed in park areas; check event restrictions.,false
fullerton-pooch-park-fullerton,Fullerton Pooch Park,Fullerton,CA,Dog Park,33.868600,-117.905900,"201 S Basque Ave, Fullerton, CA 92833",https://www.cityoffullerton.com/,Off-leash dog park with separate small and large dog areas.,true
huntington-dog-beach-huntington-beach,Huntington Dog Beach,Huntington Beach,CA,Beach,33.671800,-118.021000,"100 Goldenwest St, Huntington Beach, CA 92648",https://www.dogbeach.org,Leash-optional dog beach; leash required in parking lot and on upper bluff.,true
four-sons-brewing-huntington-beach,Four Sons Brewing,Huntington Beach,CA,Brewery,33.686300,-118.003700,"18421 Gothard St, Huntington Beach, CA 92648",https://www.foursonsbrewing.com/,Dog-friendly brewery seating is commonly reported.,false
riip-beer-company-huntington-beach,Riip Beer Company,Huntington Beach,CA,Brewery,33.718100,-118.065900,"17214 Pacific Coast Hwy, Huntington Beach, CA 92649",https://www.riipbeer.com/,Dog-friendly brewery seating is commonly reported.,false
best-friend-dog-park-huntington-beach,Best Friend Dog Park,Huntington Beach,CA,Dog Park,33.697700,-118.002900,"7111 Talbert Ave, Huntington Beach, CA 92648",https://www.huntingtonbeachca.gov/,Off-leash dog park in Huntington Central Park with separate areas.,true
huntington-central-park-huntington-beach,Huntington Central Park,Huntington Beach,CA,Park,33.701300,-118.002600,"18002 Goldenwest St, Huntington Beach, CA 92648",https://www.huntingtonbeachca.gov/,Leashed dogs are allowed in park areas; dog park is nearby.,true
pacific-city-huntington-beach,Pacific City,Huntington Beach,CA,Patio,33.654600,-118.001400,"21010 Pacific Coast Hwy, Huntington Beach, CA 92648",https://www.gopacificcity.com/,Outdoor shopping and dining center with dog-friendly common areas.,true
park-bench-cafe-huntington-beach,Park Bench Cafe,Huntington Beach,CA,Restaurant,33.701900,-118.003300,"17732 Goldenwest St, Huntington Beach, CA 92647",https://www.parkbenchcafe.com/,Dog-friendly patio and dog menu are commonly reported.,true
mike-hess-brewing-imperial-beach-imperial-beach,Mike Hess Brewing Imperial Beach,Imperial Beach,CA,Brewery,32.579000,-117.131500,"805 Ocean Ln, Imperial Beach, CA 91932",https://www.mikehessbrewing.com,Beachside beer garden described as dog-friendly.,false
imperial-beach-pier-plaza-imperial-beach,Imperial Beach Pier Plaza,Imperial Beach,CA,Scenic Spot,32.579000,-117.132200,"10 Evergreen Ave, Imperial Beach, CA 91932",https://www.imperialbeachca.gov/,Leashed dogs are allowed in many public areas; verify beach restrictions.,false
central-bark-irvine,Central Bark,Irvine,CA,Dog Park,33.671300,-117.759200,"6405 Oak Canyon, Irvine, CA 92618",https://www.cityofirvine.org/parks-facilities/central-bark/,Off-leash dog park listed by Orange County Animal Care.,true
mason-regional-park-irvine,Mason Regional Park,Irvine,CA,Park,33.653600,-117.828600,"18712 University Dr, Irvine, CA 92612",https://www.ocparks.com/parks-trails/mason-regional-park,Leashed dogs are allowed in park areas.,false
irvine-spectrum-center-irvine,Irvine Spectrum Center,Irvine,CA,Patio,33.650500,-117.742800,"670 Spectrum Center Dr, Irvine, CA 92618",https://www.irvinespectrumcenter.com/,Outdoor center with dog-friendly common areas; store policies vary.,true
cha-cha-s-latin-kitchen-irvine,Cha Cha's Latin Kitchen,Irvine,CA,Restaurant,33.652600,-117.745600,"13126 Jamboree Rd, Irvine, CA 92602",https://chachaslatinkitchen.com/irvine,Dog-friendly patio noted by Visit California.,false
lazy-dog-restaurant-irvine-irvine,Lazy Dog Restaurant Irvine,Irvine,CA,Restaurant,33.677100,-117.856900,"13290 Jamboree Rd, Irvine, CA 92602",https://www.lazydogrestaurants.com/,Dog-friendly patio seating at many locations; verify current patio rules.,false
hicks-canyon-trail-irvine,Hicks Canyon Trail,Irvine,CA,Trail,33.722800,-117.766900,"Hicks Canyon Trail, Irvine, CA 92620",https://www.cityofirvine.org/,Leashed multi-use neighborhood trail.,false
peters-canyon-trail-irvine,Peters Canyon Trail,Irvine,CA,Trail,33.715300,-117.767100,"Peters Canyon Trail, Irvine, CA 92620",https://www.cityofirvine.org/,Leashed multi-use trail connection in Irvine.,false
shady-canyon-trail-irvine,Shady Canyon Trail,Irvine,CA,Trail,33.626300,-117.773400,"Shady Canyon Trail, Irvine, CA 92603",https://www.cityofirvine.org/,Leashed multi-use trail; verify current access points.,false
agua-caliente-county-park-julian,Agua Caliente County Park,Julian,CA,Campground,32.954000,-116.303000,"39555 Great Southern Overland Stage Route, Julian, CA 92036",https://www.sdparks.org/content/sdparks/en/park-pages/AguaCaliente.html,Leashed dogs are allowed in campground areas; verify trail restrictions.,false
cuyamaca-rancho-state-park-julian,Cuyamaca Rancho State Park,Julian,CA,Campground,32.959500,-116.579600,"12551 CA-79, Descanso, CA 91916",https://www.parks.ca.gov,Dogs are allowed on leash in campgrounds and paved areas but not on trails.,false
vallecito-county-park-julian,Vallecito County Park,Julian,CA,Campground,32.974900,-116.350600,"37349 Great Southern Overland Stage Route, Julian, CA 92036",https://www.sdparks.org/content/sdparks/en/park-pages/Vallecito.html,Leashed dogs are allowed in campground areas.,false
william-heise-county-park-julian,William Heise County Park,Julian,CA,Campground,33.038200,-116.592000,"4945 Heise Park Rd, Julian, CA 92036",https://www.sdparks.org/content/sdparks/en/park-pages/WilliamHeise.html,Leashed dogs are allowed in campground and designated park areas.,true
volcan-mountain-wilderness-preserve-julian,Volcan Mountain Wilderness Preserve,Julian,CA,Trail,33.117800,-116.585200,"1209 Farmer Rd, Julian, CA 92036",https://www.sdparks.org/content/sdparks/en/park-pages/VolcanMountain.html,Leashed dogs are allowed on the preserve trail.,true
wagsdale-dog-park-ladera-ranch,Wagsdale Dog Park,Ladera Ranch,CA,Dog Park,33.551700,-117.635200,"Oso Grande Dr, Ladera Ranch, CA 92694",https://laderalife.com/,Community dog park with fenced play areas.,false
aliso-beach-park-laguna-beach,Aliso Beach Park,Laguna Beach,CA,Beach,33.510400,-117.752700,"31131 Coast Hwy, Laguna Beach, CA 92651",https://www.ocparks.com/parks-trails/aliso-beach,Leashed dogs are allowed subject to posted beach rules and seasonal limits.,false
crescent-bay-beach-laguna-beach,Crescent Bay Beach,Laguna Beach,CA,Beach,33.549900,-117.801500,"Crescent Bay Dr, Laguna Beach, CA 92651",https://www.lagunabeachcity.net/our-beaches/dogs-on-the-beach/,Leashed dogs are allowed with seasonal daytime restrictions.,false
main-beach-laguna-beach,Main Beach,Laguna Beach,CA,Beach,33.542500,-117.785400,"Broadway St and Pacific Coast Hwy, Laguna Beach, CA 92651",https://www.lagunabeachcity.net/our-beaches/dogs-on-the-beach/,Leashed dogs are allowed with seasonal daytime restrictions.,true
thousand-steps-beach-laguna-beach,Thousand Steps Beach,Laguna Beach,CA,Beach,33.498700,-117.741500,"9th Ave and Coast Hwy, Laguna Beach, CA 92651",https://www.lagunabeachcity.net/our-beaches/dogs-on-the-beach,Leashed dogs are allowed during Laguna Beach dog hours.,false
treasure-island-beach-laguna-beach,Treasure Island Beach,Laguna Beach,CA,Beach,33.516500,-117.760500,"Wesley Dr and Coast Hwy, Laguna Beach, CA 92651",https://www.lagunabeachcity.net/our-beaches/dogs-on-the-beach,Leashed dogs are allowed during Laguna Beach dog hours.,false
victoria-beach-laguna-beach,Victoria Beach,Laguna Beach,CA,Beach,33.520000,-117.765800,"Victoria Dr, Laguna Beach, CA 92651",https://www.lagunabeachcity.net/our-beaches/dogs-on-the-beach,Leashed dogs are allowed during Laguna Beach dog hours.,false
laguna-beach-dog-park-laguna-beach,Laguna Beach Dog Park,Laguna Beach,CA,Dog Park,33.591400,-117.762200,"20672 Laguna Canyon Rd, Laguna Beach, CA 92651",https://www.lagunabeachcity.net,Off-leash city dog park; beach dogs must remain leashed.,true
heisler-park-laguna-beach,Heisler Park,Laguna Beach,CA,Scenic Spot,33.545600,-117.795000,"375 Cliff Dr, Laguna Beach, CA 92651",https://www.lagunabeachcity.net,Leashed dogs are allowed in public park areas where posted.,true
laguna-coast-wilderness-park-laguna-beach,Laguna Coast Wilderness Park,Laguna Beach,CA,Trail,33.559300,-117.771500,"18751 Laguna Canyon Rd, Laguna Beach, CA 92651",https://www.ocparks.com/parks-trails/laguna-coast-wilderness-park,Dog access is limited; verify current trail rules before visiting.,false
laguna-niguel-pooch-park-laguna-niguel,Laguna Niguel Pooch Park,Laguna Niguel,CA,Dog Park,33.548300,-117.696400,"31461 Golden Lantern, Laguna Niguel, CA 92677",https://www.cityoflagunaniguel.org,Off-leash dog park listed by Orange County Animal Care.,false
laguna-niguel-regional-park-laguna-niguel,Laguna Niguel Regional Park,Laguna Niguel,CA,Lake,33.553800,-117.708000,"28241 La Paz Rd, Laguna Niguel, CA 92677",https://www.ocparks.com/parks-trails/laguna-niguel-regional-park/,Dogs are permitted on leash.,true
whiting-ranch-wilderness-park-lake-forest,Whiting Ranch Wilderness Park,Lake Forest,CA,Trail,33.682500,-117.627700,"27901 Glenn Ranch Rd, Trabuco Canyon, CA 92679",https://www.ocparks.com/parks-trails/whiting-ranch-wilderness-park,Leash rules and trail access can vary; verify before visiting.,false
alicia-pet-care-center-dog-park-mission-viejo,Alicia Pet Care Center Dog Park,Mission Viejo,CA,Dog Park,33.610700,-117.673200,"25800 Jeronimo Rd, Mission Viejo, CA 92691",,Private dog park resource; verify access before visiting.,false
newport-beach-dog-beach-newport-beach,Newport Beach Dog Beach,Newport Beach,CA,Beach,33.628100,-117.950300,"Seashore Dr and 74th St, Newport Beach, CA 92663",https://www.newportbeachca.gov/,Leashed dogs are commonly allowed near the Santa Ana River mouth; verify current rules.,true
rose-bakery-cafe-newport-beach,Rose Bakery Cafe,Newport Beach,CA,Coffee,33.598900,-117.872300,"3536 E Coast Hwy, Corona Del Mar, CA 92625",https://www.rosebakerycafe.net/,Dog-friendly outdoor seating is commonly reported.,false
newport-beach-civic-center-dog-park-newport-beach,Newport Beach Civic Center Dog Park,Newport Beach,CA,Dog Park,33.616200,-117.867400,"100 Civic Center Dr, Newport Beach, CA 92660",https://www.newportbeachca.gov/,Fenced dog park at the Civic Center.,true
upper-newport-bay-nature-preserve-newport-beach,Upper Newport Bay Nature Preserve,Newport Beach,CA,Park,33.653000,-117.890000,"2301 University Dr, Newport Beach, CA 92660",https://www.ocparks.com/parks-trails/upper-newport-bay-nature-preserve,Leashed dogs are allowed on designated roads and trails; protect habitat areas.,false
fashion-island-newport-beach,Fashion Island,Newport Beach,CA,Patio,33.615100,-117.875900,"401 Newport Center Dr, Newport Beach, CA 92660",https://www.fashionisland.com/,Outdoor shopping center with many dog-friendly common areas and patios.,true
rubys-shake-shack-crystal-cove-newport-beach,Rubys Shake Shack Crystal Cove,Newport Beach,CA,Restaurant,33.576400,-117.840300,"7703 E Coast Hwy, Newport Beach, CA 92657",https://www.rubysshakeshack.com/,Outdoor counter service with dog-friendly seating commonly reported.,true
crystal-cove-state-park-paved-bluff-path-newport-beach,Crystal Cove State Park Paved Bluff Path,Newport Beach,CA,Scenic Spot,33.573900,-117.839500,"8471 N Coast Hwy, Laguna Beach, CA 92651",https://www.parks.ca.gov/crystalcove,Dogs are allowed on paved areas only; not on beach or backcountry trails.,false
newport-back-bay-loop-newport-beach,Newport Back Bay Loop,Newport Beach,CA,Trail,33.646300,-117.893500,"2301 University Dr, Newport Beach, CA 92660",https://newportbay.org/,Leashed dogs are allowed on many paved and multi-use trail sections.,true
breakwater-brewing-company-oceanside,Breakwater Brewing Company,Oceanside,CA,Brewery,33.195900,-117.379400,"101 N Coast Hwy, Oceanside, CA 92054",https://www.breakwaterbrewing.com,Dog-friendly patio noted by Visit Oceanside.,false
craft-coast-beer-and-tacos-oceanside,Craft Coast Beer & Tacos,Oceanside,CA,Brewery,33.195300,-117.379200,"275 Mission Ave, Oceanside, CA 92054",https://craftcoast.co,Listed by Visit Oceanside as dog-friendly dining.,false
beach-break-cafe-oceanside,Beach Break Cafe,Oceanside,CA,Coffee,33.193200,-117.379600,"1802 S Coast Hwy, Oceanside, CA 92054",https://www.beachbreakcafe.com,Listed by Visit Oceanside as dog-friendly dining.,false
guajome-regional-park-oceanside,Guajome Regional Park,Oceanside,CA,Park,33.254600,-117.274500,"3000 Guajome Lake Rd, Oceanside, CA 92057",https://www.sdparks.org/content/sdparks/en/park-pages/Guajome.html/,County park with ponds and on-leash dog access.,false
local-tap-house-and-kitchen-oceanside,Local Tap House & Kitchen,Oceanside,CA,Restaurant,33.196800,-117.379200,"308 S Coast Hwy, Oceanside, CA 92054",https://www.localtaphouse.com,Dog-friendly patio noted by Visit Oceanside.,false
green-cheek-beer-company-orange-orange,Green Cheek Beer Company Orange,Orange,CA,Brewery,33.785300,-117.891200,"2294 N Batavia St, Orange, CA 92865",https://www.greencheekbeer.com/,Dog-friendly outdoor seating is commonly reported.,false
eisenhower-dog-park-orange,Eisenhower Dog Park,Orange,CA,Dog Park,33.828000,-117.818700,"2864 N Tustin St, Orange, CA 92865",https://www.cityoforange.org/,Shaded dog park area; verify leash and off-leash rules.,false
orange-dog-park-orange,Orange Dog Park,Orange,CA,Dog Park,33.789200,-117.821600,"190 S Yorba St, Orange, CA 92869",https://www.cityoforange.org/,Fenced off-leash dog park with separate dog areas.,false
irvine-regional-park-orange,Irvine Regional Park,Orange,CA,Park,33.796800,-117.758100,"1 Irvine Park Rd, Orange, CA 92869",https://www.ocparks.com/parks-trails/irvine-regional-park/,Regional park with on-leash dog access in permitted areas.,false
haven-craft-kitchen-and-bar-orange,Haven Craft Kitchen and Bar,Orange,CA,Restaurant,33.788200,-117.853100,"190 S Glassell St, Orange, CA 92866",https://www.havencraftkitchen.com/,Dog-friendly patio seating is commonly reported.,false
lazy-dog-restaurant-orange-orange,Lazy Dog Restaurant Orange,Orange,CA,Restaurant,33.783700,-117.894100,"1623 W Katella Ave, Orange, CA 92867",https://www.lazydogrestaurants.com/,Dog-friendly patio seating at many locations; verify current patio rules.,false
peters-canyon-regional-park-orange,Peters Canyon Regional Park,Orange,CA,Trail,33.790400,-117.773700,"8548 E Canyon View Ave, Orange, CA 92869",https://www.ocparks.com/parks-trails/peters-canyon-regional-park/,Regional trail park; dogs should remain on leash where permitted.,false
santa-ana-river-trail-orange-county-orange,Santa Ana River Trail Orange County,Orange,CA,Trail,33.788000,-117.880000,"Santa Ana River Trail, Orange, CA 92868",https://www.octa.net/getting-around/bike/bike-safety/santa-ana-river-trail/,Leashed multi-use trail with multiple access points.,false
santiago-oaks-regional-park-orange,Santiago Oaks Regional Park,Orange,CA,Trail,33.811900,-117.767800,"2145 N Windes Dr, Orange, CA 92869",https://www.ocparks.com/santiagooaks/,Regional trail park with multi-use trails; verify dog rules before visiting.,false
lake-poway-recreation-area-poway,Lake Poway Recreation Area,Poway,CA,Lake,33.011100,-117.012000,"14644 Lake Poway Rd, Poway, CA 92064",https://poway.org/401/Lake-Poway,Leashed dogs are allowed in designated areas; check lake rules.,false
blue-sky-ecological-reserve-poway,Blue Sky Ecological Reserve,Poway,CA,Trail,33.019600,-117.020700,"16275 Espola Rd, Poway, CA 92064",https://poway.org/,Leashed dogs are allowed on designated trails.,false
iron-mountain-trail-poway,Iron Mountain Trail,Poway,CA,Trail,32.978400,-116.972000,"14847-14909 CA-67, Poway, CA 92064",https://poway.org/,Leashed dogs are allowed; bring water and avoid hot days.,true
dos-picos-county-park-ramona,Dos Picos County Park,Ramona,CA,Campground,33.010700,-116.944200,"17953 Dos Picos Park Rd, Ramona, CA 92065",https://www.sdparks.org/content/sdparks/en/park-pages/DosPicos.html/,County park campground where dogs are generally allowed on leash.,false
san-onofre-state-beach-trail-1-san-clemente,San Onofre State Beach Trail 1,San Clemente,CA,Beach,33.380700,-117.574200,"Old Pacific Hwy, San Clemente, CA 92672",https://www.parks.ca.gov/?page_id=647,Dogs are allowed in designated areas only; verify current state park pet rules.,false
san-clemente-dog-park-san-clemente,San Clemente Dog Park,San Clemente,CA,Dog Park,33.454800,-117.608600,"310 Avenida La Pata, San Clemente, CA 92673",https://www.san-clemente.org,Off-leash dog park listed by Orange County Animal Care.,false
san-clemente-beach-trail-san-clemente,San Clemente Beach Trail,San Clemente,CA,Trail,33.426900,-117.616500,"San Clemente Pier, San Clemente, CA 92672",https://www.san-clemente.org/,Leashed coastal trail with beach access points; check beach dog restrictions.,true
dog-beach-ocean-beach-san-diego,Dog Beach Ocean Beach,San Diego,CA,Beach,32.755000,-117.251000,"5156 W Point Loma Blvd, San Diego, CA 92107",https://www.sandiego.gov/park-and-recreation/parks/dogs/bchdog/,Off-leash beach area at the foot of Voltaire Street.,true
fiesta-island-san-diego,Fiesta Island,San Diego,CA,Beach,32.773300,-117.217700,"1590 E Mission Bay Dr, San Diego, CA 92109",https://www.sandiego.gov/park-and-recreation/parks/dogs/bchdog/,Large off-leash area with bay access and a loop road.,true
la-jolla-shores-beach-san-diego,La Jolla Shores Beach,San Diego,CA,Beach,32.850700,-117.272900,"8300 Camino Del Oro, La Jolla, CA 92037",https://www.sandiego.gov/park-and-recreation/parks/regional/shoreline/lajolla,Dogs are allowed during city beach dog hours unless posted otherwise.,false
tourmaline-surfing-park-san-diego,Tourmaline Surfing Park,San Diego,CA,Beach,32.805600,-117.260200,"Tourmaline St, San Diego, CA 92109",https://www.sandiego.gov/park-and-recreation/parks/regional/shoreline,Dogs are allowed during city beach dog hours unless posted otherwise.,false
alesmith-brewing-company-san-diego,AleSmith Brewing Company,San Diego,CA,Brewery,32.888200,-117.149500,"9990 AleSmith Ct, San Diego, CA 92126",https://alesmith.com/,Dog-friendly outdoor area is commonly reported; verify current rules.,false
ballast-point-miramar-san-diego,Ballast Point Miramar,San Diego,CA,Brewery,32.887700,-117.157900,"9045 Carroll Way, San Diego, CA 92121",https://ballastpoint.com/location/miramar/,Dog-friendly outdoor seating is commonly available; verify current patio rules.,false
belching-beaver-north-park-san-diego,Belching Beaver North Park,San Diego,CA,Brewery,32.747000,-117.129200,"4223 30th St, San Diego, CA 92104",https://belchingbeaver.com/,Dog-friendly patio is commonly reported; verify current rules.,false
duck-foot-brewing-company-san-diego,Duck Foot Brewing Company,San Diego,CA,Brewery,32.896800,-117.137000,"8920 Kenamar Dr, San Diego, CA 92121",https://duckfootbeer.com/,Dog-friendly brewery seating is commonly reported; verify current rules.,false
eppig-brewing-waterfront-biergarten-san-diego,Eppig Brewing Waterfront Biergarten,San Diego,CA,Brewery,32.724800,-117.227900,"2817 Dickens St, San Diego, CA 92106",https://www.eppigbrewing.com/,Dog-friendly outdoor biergarten with harbor views.,false
mike-hess-brewing-north-park-san-diego,Mike Hess Brewing North Park,San Diego,CA,Brewery,32.747500,-117.129200,"3812 Grim Ave, San Diego, CA 92104",https://www.mikehessbrewing.com,All locations are described as family- and dog-friendly.,false
modern-times-lomaland-san-diego,Modern Times Lomaland,San Diego,CA,Brewery,32.754700,-117.206900,"3725 Greenwood St, San Diego, CA 92110",https://www.moderntimesbeer.com/,Dog-friendly brewery patio is commonly reported; verify current rules.,false
pure-project-balboa-park-san-diego,Pure Project Balboa Park,San Diego,CA,Brewery,32.729900,-117.151200,"2865 5th Ave, San Diego, CA 92103",https://www.purebrewing.org/,Dog-friendly outdoor seating is commonly reported; verify current rules.,false
societe-brewing-company-san-diego,Societe Brewing Company,San Diego,CA,Brewery,32.832900,-117.137300,"8262 Clairemont Mesa Blvd, San Diego, CA 92111",https://societebrewing.com/,Dog-friendly patio is commonly reported; verify current rules.,false
stone-brewing-world-bistro-and-gardens-liberty-station-san-diego,Stone Brewing World Bistro & Gardens Liberty Station,San Diego,CA,Brewery,32.740200,-117.212400,"2816 Historic Decatur Rd, San Diego, CA 92106",https://www.stonebrewing.com/visit/bistros/liberty-station,Dog-friendly outdoor area with patio seating.,true
thorn-brewing-north-park-san-diego,Thorn Brewing North Park,San Diego,CA,Brewery,32.739300,-117.129100,"3176 Thorn St, San Diego, CA 92104",https://thorn.beer/,Dog-friendly outdoor seating is commonly reported; verify current rules.,false
better-buzz-coffee-pacific-beach-san-diego,Better Buzz Coffee Pacific Beach,San Diego,CA,Coffee,32.798700,-117.254300,"1186 Garnet Ave, San Diego, CA 92109",https://betterbuzzcoffee.com/,Dog-friendly outdoor seating is commonly reported.,false
bird-rock-coffee-roasters-la-jolla-san-diego,Bird Rock Coffee Roasters La Jolla,San Diego,CA,Coffee,32.814700,-117.269400,"5627 La Jolla Blvd, La Jolla, CA 92037",https://birdrockcoffee.com/,Dog-friendly outdoor seating is commonly reported.,false
communal-coffee-north-park-san-diego,Communal Coffee North Park,San Diego,CA,Coffee,32.730900,-117.130100,"2335 University Ave, San Diego, CA 92104",https://communalcoffee.com/,Dog-friendly outdoor seating is commonly reported.,false
james-coffee-india-street-san-diego,James Coffee India Street,San Diego,CA,Coffee,32.724300,-117.168300,"2355 India St, San Diego, CA 92101",https://jamescoffeeco.com/,Dog-friendly outdoor seating is commonly reported.,false
allied-gardens-dog-park-san-diego,Allied Gardens Dog Park,San Diego,CA,Dog Park,32.798700,-117.080500,"6707 Glenroy St, San Diego, CA 92120",https://www.sandiego.gov/park-and-recreation/parks/dogs/leashfree/,Fenced off-leash area behind Allied Gardens Pool.,false
cadman-community-park-dog-off-leash-area-san-diego,Cadman Community Park Dog Off-Leash Area,San Diego,CA,Dog Park,32.827800,-117.202900,"4280 Avati Dr, San Diego, CA 92117",https://www.sandiego.gov/park-and-recreation/parks/dogs/leashfree/,Off-leash area with posted schedule and boundary rules.,false
capehart-dog-park-san-diego,Capehart Dog Park,San Diego,CA,Dog Park,32.811800,-117.235400,"Felspar St and Soledad Mountain Rd, San Diego, CA 92109",https://www.sandiego.gov/park-and-recreation/parks/dogs/leashfree/,Fenced pens for small and large dogs.,false
centrum-dog-park-san-diego,Centrum Dog Park,San Diego,CA,Dog Park,32.829500,-117.150100,"4855 Ariva Way, San Diego, CA 92123",https://www.sandiego.gov/park-and-recreation/parks/dogs/leashfree/,Off-leash area in Kearny Mesa.,false
charles-l-lewis-iii-memorial-dog-park-san-diego,Charles L. Lewis III Memorial Dog Park,San Diego,CA,Dog Park,32.712800,-117.093700,"4750 Home Ave, San Diego, CA 92105",https://www.sandiego.gov/park-and-recreation/parks/dogs/leashfree/,Half-acre off-leash dog park within the memorial park.,false
doyle-community-dog-park-san-diego,Doyle Community Dog Park,San Diego,CA,Dog Park,32.854000,-117.219100,"8175 Regents Rd, San Diego, CA 92122",https://www.sandiego.gov/park-and-recreation/parks/dogs/leashfree/,Two fenced turf areas for small and large dogs.,false
dusty-rhodes-dog-park-san-diego,Dusty Rhodes Dog Park,San Diego,CA,Dog Park,32.751800,-117.238900,"2469 Sunset Cliffs Blvd, San Diego, CA 92107",https://www.sandiego.gov/park-and-recreation/parks/dogs/leashfree/,Off-leash dog park in Ocean Beach.,false
four-gee-county-park-san-diego,Four Gee County Park,San Diego,CA,Dog Park,33.015500,-117.109500,"16910 Four Gee Rd, San Diego, CA 92127",https://www.sdparks.org/content/sdparks/en/park-pages/FourGeePark.html/,Fenced off-leash areas with agility equipment.,false
gompers-dog-park-san-diego,Gompers Dog Park,San Diego,CA,Dog Park,32.713900,-117.085400,"4926 Hilltop Dr, San Diego, CA 92102",https://www.sandiego.gov/park-and-recreation/parks/dogs/leashfree/,Off-leash area with separate pens.,false
grape-street-dog-park-san-diego,Grape Street Dog Park,San Diego,CA,Dog Park,32.735000,-117.133100,"1998 28th St, San Diego, CA 92102",https://www.sandiego.gov/park-and-recreation/parks/dogs/leashfree/,Open off-leash area at Grape and 28th streets.,true
kearny-mesa-dog-park-san-diego,Kearny Mesa Dog Park,San Diego,CA,Dog Park,32.802700,-117.149400,"3170 Armstrong St, San Diego, CA 92111",https://www.sandiego.gov/park-and-recreation/parks/dogs/leashfree/,Lighted off-leash park with dog water stations.,false
maddox-dog-park-san-diego,Maddox Dog Park,San Diego,CA,Dog Park,32.906600,-117.152700,"7815 Flanders Dr, San Diego, CA 92126",https://www.sandiego.gov/park-and-recreation/parks/dogs/leashfree/,Turfed off-leash area with walkway and drinking fountain.,false
morley-field-dog-park-san-diego,Morley Field Dog Park,San Diego,CA,Dog Park,32.735400,-117.139400,"2225 Morley Field Dr, San Diego, CA 92104",https://www.sandiego.gov/park-and-recreation/parks/dogs/leashfree/,Open off-leash area near Morley Field.,true
nate-s-point-dog-park-san-diego,Nate's Point Dog Park,San Diego,CA,Dog Park,32.731600,-117.155700,"Balboa Dr at El Prado, San Diego, CA 92103",https://www.sandiego.gov/park-and-recreation/parks/dogs/leashfree/,Open off-leash area in Balboa Park.,true
nobel-dog-park-san-diego,Nobel Dog Park,San Diego,CA,Dog Park,32.867500,-117.216700,"8820 Judicial Dr, San Diego, CA 92122",https://www.sandiego.gov/park-and-recreation/parks/dogs/leashfree/,Fenced dog park with separate sections for large and small dogs.,false
rancho-bernardo-dog-park-san-diego,Rancho Bernardo Dog Park,San Diego,CA,Dog Park,33.048700,-117.066800,"18448 W Bernardo Dr, San Diego, CA 92127",https://www.sandiego.gov/park-and-recreation/parks/dogs/leashfree/,Large leash-free area beside Rancho Bernardo Community Park.,false
rancho-penasquitos-dog-park-san-diego,Rancho Penasquitos Dog Park,San Diego,CA,Dog Park,32.959400,-117.125700,"Salmon River Rd and Fairgrove Ln, San Diego, CA 92129",https://www.sandiego.gov/park-and-recreation/parks/dogs/leashfree/,Fenced turfed areas with benches and street parking.,false
torrey-highlands-dog-park-san-diego,Torrey Highlands Dog Park,San Diego,CA,Dog Park,32.966000,-117.153500,"Lansdale Dr off Del Mar Heights Rd, San Diego, CA 92130",https://www.sandiego.gov/park-and-recreation/parks/dogs/leashfree/,Turfed and mulched leash-free area.,false
lake-murray-san-diego,Lake Murray,San Diego,CA,Lake,32.783000,-117.036200,"5540 Kiowa Dr, La Mesa, CA 91942",https://www.sandiego.gov/reservoirs-lakes/murray-reservoir,Leashed dogs are allowed around the reservoir path; check reservoir rules.,true
balboa-park-san-diego,Balboa Park,San Diego,CA,Park,32.734148,-117.144553,"1549 El Prado, San Diego, CA 92101",https://balboapark.org/,Leashed dogs are allowed in many outdoor park areas; use posted rules for gardens and museums.,true
bonita-cove-park-san-diego,Bonita Cove Park,San Diego,CA,Park,32.771500,-117.252500,"1100 W Mission Bay Dr, San Diego, CA 92109",https://www.sandiego.gov/park-and-recreation/parks/regional/missionbay,Leashed dogs are allowed in grassy park areas under Mission Bay rules.,false
crown-point-park-san-diego,Crown Point Park,San Diego,CA,Park,32.785700,-117.237800,"Crown Point Dr, San Diego, CA 92109",https://www.sandiego.gov/park-and-recreation/parks/regional/missionbay,Leashed bayfront park with paths and open grass.,false
embarcadero-marina-park-north-san-diego,Embarcadero Marina Park North,San Diego,CA,Park,32.709100,-117.166900,"400 Kettner Blvd, San Diego, CA 92101",https://www.portofsandiego.org/,Leashed dogs are allowed in outdoor waterfront park areas.,false
kate-sessions-park-san-diego,Kate Sessions Park,San Diego,CA,Park,32.811200,-117.240300,"5115 Soledad Rd, San Diego, CA 92109",https://www.sandiego.gov/park-and-recreation/centers/recctr/katesessions,Leashed dogs are allowed in park areas with city rules.,false
mission-bay-park-san-diego,Mission Bay Park,San Diego,CA,Park,32.779200,-117.218900,"2688 E Mission Bay Dr, San Diego, CA 92109",https://www.sandiego.gov/park-and-recreation/parks/regional/missionbay,Leashed dogs are allowed in many park areas; beach rules vary by area and time.,true
presidio-park-san-diego,Presidio Park,San Diego,CA,Park,32.759800,-117.193300,"2811 Jackson St, San Diego, CA 92110",https://www.sandiego.gov/park-and-recreation/parks/regional/presidio,Leashed dogs are allowed in outdoor park areas.,false
tuna-harbor-park-san-diego,Tuna Harbor Park,San Diego,CA,Park,32.709300,-117.173600,"3 Tuna Ln, San Diego, CA 92101",https://www.portofsandiego.org/,Leashed waterfront walk near the harbor and public art.,false
waterfront-park-san-diego,Waterfront Park,San Diego,CA,Park,32.721600,-117.172700,"1600 Pacific Hwy, San Diego, CA 92101",https://www.sdparks.org/content/sdparks/en/park-pages/Waterfront.html/,Dogs must remain on a leash no longer than six feet.,true
backyard-kitchen-and-tap-san-diego,Backyard Kitchen & Tap,San Diego,CA,Patio,32.797200,-117.255700,"832 Garnet Ave, San Diego, CA 92109",https://www.backyardpb.com,Dogs are allowed in outdoor areas.,false
liberty-public-market-patio-san-diego,Liberty Public Market Patio,San Diego,CA,Patio,32.740700,-117.212100,"2820 Historic Decatur Rd, San Diego, CA 92106",https://libertypublicmarketsd.com,"Dogs are allowed on the patio, but only service dogs are allowed inside.",true
baja-bettys-san-diego,Baja Bettys,San Diego,CA,Restaurant,32.748900,-117.148500,"1421 University Ave, San Diego, CA 92103",https://bajabettyssd.com/,Dog-friendly outdoor patio seating.,false
blue-water-seafood-ocean-beach-san-diego,Blue Water Seafood Ocean Beach,San Diego,CA,Restaurant,32.745300,-117.250800,"5083 Santa Monica Ave, San Diego, CA 92107",https://bluewaterseafoodsandiego.com/,Dog-friendly outdoor patio seating is commonly reported.,false
duck-dive-san-diego,Duck Dive,San Diego,CA,Restaurant,32.798200,-117.256000,"4650 Mission Blvd, San Diego, CA 92109",https://www.theduckdive.com/,Dog-friendly outdoor patio seating.,false
gravity-heights-mission-valley-san-diego,Gravity Heights Mission Valley,San Diego,CA,Restaurant,32.765200,-117.156800,"525 Camino De La Reina, San Diego, CA 92108",https://gravityheights.com/mission-valley,Spacious outdoor patio is described as suited for dogs.,false
lazy-dog-restaurant-and-bar-san-diego,Lazy Dog Restaurant & Bar,San Diego,CA,Restaurant,32.775700,-117.148100,"1202 Camino Del Rio N, San Diego, CA 92108",https://www.lazydogrestaurants.com/locations/san-diego-ca/,Restaurant brand offers dog-friendly patio dining at many locations.,false
ob-surf-lodge-san-diego,OB Surf Lodge,San Diego,CA,Restaurant,32.748100,-117.252500,"5083 Santa Monica Ave, San Diego, CA 92107",https://www.obsurflodge.com/,Dog-friendly outdoor seating near Ocean Beach.,true
panama-66-san-diego,Panama 66,San Diego,CA,Restaurant,32.731400,-117.150000,"1450 El Prado, San Diego, CA 92102",https://www.panama66.com/,Outdoor sculpture garden seating is commonly dog-friendly; verify current rules.,false
queenstown-public-house-san-diego,Queenstown Public House,San Diego,CA,Restaurant,32.724900,-117.167100,"1557 Columbia St, San Diego, CA 92101",https://queenstownpublichouse.com/,Dog-friendly patio seating is commonly reported.,false
raglan-public-house-san-diego,Raglan Public House,San Diego,CA,Restaurant,32.747800,-117.250600,"1851 Bacon St, San Diego, CA 92107",https://raglanpublichouse.com/,Dog-friendly outdoor patio seating.,false
station-tavern-san-diego,Station Tavern,San Diego,CA,Restaurant,32.721500,-117.130700,"2204 Fern St, San Diego, CA 92104",https://www.stationtavern.com/,Dog-friendly outdoor patio seating.,false
the-prado-at-balboa-park-san-diego,The Prado at Balboa Park,San Diego,CA,Restaurant,32.731600,-117.149600,"1549 El Prado, San Diego, CA 92101",https://www.cohnrestaurants.com/theprado,Dog-friendly patio seating is commonly reported.,true
the-regal-beagle-san-diego,The Regal Beagle,San Diego,CA,Restaurant,32.756200,-117.137300,"3659 India St, San Diego, CA 92103",https://regalbeaglesd.com/,Dog-friendly patio seating is commonly reported.,false
working-class-san-diego,Working Class,San Diego,CA,Restaurant,32.747300,-117.130300,"4095 30th St, San Diego, CA 92104",https://www.workingclasssd.com/,Dog-friendly outdoor patio seating.,false
border-field-state-park-san-diego,Border Field State Park,San Diego,CA,Scenic Spot,32.544100,-117.121700,"1500 Monument Rd, San Diego, CA 92154",https://www.parks.ca.gov,"Dogs are allowed on leash in designated parking and road areas, not on trails or beach.",false
los-penasquitos-waterfall-san-diego,Los Penasquitos Waterfall,San Diego,CA,Scenic Spot,32.932100,-117.176700,"Los Penasquitos Canyon Preserve, San Diego, CA 92129",https://www.sandiego.gov/park-and-recreation/parks/osp/lospenasquitos,Leashed trail destination with seasonal creek and waterfall area.,true
pacific-beach-boardwalk-san-diego,Pacific Beach Boardwalk,San Diego,CA,Scenic Spot,32.794200,-117.255900,"Mission Blvd, San Diego, CA 92109",https://www.sandiego.gov/park-and-recreation/parks/regional/shoreline,Leashed dogs are allowed during city beach and boardwalk dog hours.,true
sunset-cliffs-natural-park-san-diego,Sunset Cliffs Natural Park,San Diego,CA,Scenic Spot,32.719100,-117.254700,"Ladera St, San Diego, CA 92107",https://www.sandiego.gov/park-and-recreation/parks/regional/shoreline/sunset,Leashed dogs are allowed on paths; keep distance from unstable cliffs.,true
cowles-mountain-trail-san-diego,Cowles Mountain Trail,San Diego,CA,Trail,32.814400,-117.031600,"7001 Golfcrest Dr, San Diego, CA 92119",https://mtrp.org/,Popular leashed dog hike with exposed sections and steep grades.,true
los-penasquitos-canyon-preserve-san-diego,Los Penasquitos Canyon Preserve,San Diego,CA,Trail,32.939100,-117.136400,"12020 Black Mountain Rd, San Diego, CA 92129",https://www.sandiego.gov/park-and-recreation/parks/osp/lospenasquitos,Leashed dogs are allowed on many preserve trails; stay on marked routes.,true
marian-bear-memorial-park-san-diego,Marian Bear Memorial Park,San Diego,CA,Trail,32.822700,-117.221900,"5491 Genesee Ave, San Diego, CA 92117",https://www.sandiego.gov/park-and-recreation/parks/osp/marianbear,Leashed dogs are allowed on canyon trails; use posted trail rules.,false
mission-trails-regional-park-san-diego,Mission Trails Regional Park,San Diego,CA,Trail,32.838383,-117.039011,"1 Father Junipero Serra Trail, San Diego, CA 92119",https://mtrp.org/,Leashed dogs are allowed on many trails; avoid heat and check posted closures.,true
san-clemente-canyon-trail-san-diego,San Clemente Canyon Trail,San Diego,CA,Trail,32.850700,-117.204400,"San Clemente Canyon, San Diego, CA 92122",https://www.sandiego.gov/park-and-recreation/parks/osp/marianbear,Leashed canyon trail with shaded sections and neighborhood access.,false
tecolote-canyon-natural-park-san-diego,Tecolote Canyon Natural Park,San Diego,CA,Trail,32.803000,-117.197000,"5180 Tecolote Rd, San Diego, CA 92110",https://www.sandiego.gov/park-and-recreation/parks/osp/tecolote,Leashed dogs are allowed on canyon trails; carry water.,false
hidden-house-coffee-san-juan-capistrano-san-juan-capistrano,Hidden House Coffee San Juan Capistrano,San Juan Capistrano,CA,Coffee,33.500900,-117.662400,"31791 Los Rios St, San Juan Capistrano, CA 92675",https://hiddenhousecoffee.com/,Dog-friendly outdoor seating is commonly reported.,false
san-juan-capistrano-dog-park-san-juan-capistrano,San Juan Capistrano Dog Park,San Juan Capistrano,CA,Dog Park,33.502100,-117.663700,"Camino Del Avion, San Juan Capistrano, CA 92675",https://www.sanjuancapistrano.org/,Community dog park; verify current access and rules.,false
santee-lakes-recreation-preserve-santee,Santee Lakes Recreation Preserve,Santee,CA,Lake,32.857100,-117.002800,"9310 Fanita Pkwy, Santee, CA 92071",https://www.santeelakes.com/,Leashed dogs are allowed in many outdoor areas and campsites; check pet rules.,true
lonny-brewer-county-park-spring-valley,Lonny Brewer County Park,Spring Valley,CA,Dog Park,32.739100,-116.994400,"1590 Hilton Head Rd, El Cajon, CA 92019",https://www.sdparks.org/content/sdparks/en/park-pages/LonnyBrewer.html/,"Three off-leash areas for small, large, and mixed-size dogs.",false
o-neill-regional-park-trabuco-canyon,O'Neill Regional Park,Trabuco Canyon,CA,Campground,33.651500,-117.599800,"30892 Trabuco Canyon Rd, Trabuco Canyon, CA 92679",https://www.ocparks.com/parks-trails/oneill-regional-park/,"Dogs are allowed in the campground, paved roads, and select trails on leash.",true
holy-jim-historic-trail-trabuco-canyon,Holy Jim Historic Trail,Trabuco Canyon,CA,Trail,33.676400,-117.514700,"Trabuco Canyon Rd, Trabuco Canyon, CA 92679",https://www.ocgov.com/services/animal-care/pet-friendly-parks/,Listed by Orange County Animal Care as a pet-friendly park or trail.,false
tustin-dog-park-tustin,Tustin Dog Park,Tustin,CA,Dog Park,33.744700,-117.808400,"14712 Bentley Cir, Tustin, CA 92780",https://www.tustinca.org/,Dog park area; verify current hours and rules.,false
